,TW,global,Thailand,Japan,Hong Kong,"Korea, South",Philippines,US,Canada,Australia,Austria,Vietnam,Germany,Netherlands,France,Malaysia,Macau,Cambodia,Russia,United Arab Emirates,United Kingdom,Turkey,Singapore,Indonesia,TPE entry
2020-01-20,0.0,0.0,0.0,0.0,0.0,0.0,0.0,0.0,0.0,0.0,0.0,0.0,0.0,0.0,0.0,0.0,0.0,0.0,0.0,0.0,0.0,0.0,0.0,0.0,1.4266
2020-01-21,0.0,0.0,0.0,0.0,0.0,0.0,0.0,0.0,0.0,0.0,0.0,0.0,0.0,0.0,0.0,0.0,0.0,0.0,0.0,0.0,0.0,0.0,0.0,0.0,1.485525
2020-01-22,0.0,0.0,0.0,0.0,0.0,0.0,0.0,0.0,0.0,0.0,0.0,0.0,0.0,0.0,0.0,0.0,0.0,0.0,0.0,0.0,0.0,0.0,0.0,0.0,1.64385
2020-01-23,0.0,0.0005975879178588243,0.005319148936170213,0.0,0.025,0.0,0.0,0.0,0.0,0.0,0.0,0.10526315789473684,0.0,0.0,0.0,0.0,0.16666666666666666,0.0,0.0,0.0,0.0,0.0,0.0007012622720897616,0.0,1.67095
2020-01-24,0.1,0.0017324013376311374,0.010638297872340425,0.0,0.0,0.0011750881316098707,0.0,2.7633469658450315e-05,0.0,0.0,0.0,0.0,0.0,0.0,7.449067004357705e-05,0.0,0.0,0.0,0.0,0.0,0.0,0.0,0.001402524544179523,0.0,1.4526
2020-01-25,0.0,0.002975867106105055,0.010638297872340425,0.0,0.0375,0.0,0.0,0.0,0.0,0.0,0.0,0.0,0.0,0.0,3.724533502178852e-05,0.01276595744680851,0.0,0.0,0.0,0.0,0.0,0.0,0.0,0.0,1.227875
2020-01-26,0.05,0.0041287892506609684,0.005319148936170213,0.0017226528854435831,0.0375,0.0011750881316098707,0.0,8.290040897535095e-05,0.0003599712023038157,0.008048289738430584,0.0,0.0,0.0,0.0,0.0,0.00425531914893617,0.5,0.0,0.0,0.0,0.0,0.0,0.0007012622720897616,0.0,1.31275
2020-01-27,0.05,0.004883319449977666,0.0,0.0,0.0,0.0011750881316098707,0.0,0.0,0.0,0.002012072434607646,0.0,0.0,0.00014423770373575654,0.0,0.0,0.0,0.16666666666666666,0.03225806451612903,0.0,0.0,0.0,0.0,0.0007012622720897616,0.0,1.5255
2020-01-28,0.15,0.01600207646710852,0.031914893617021274,0.002583979328165375,0.0,0.0,0.0,0.0,0.0003599712023038157,0.0,0.0,0.0,0.00043271311120726956,0.0,3.724533502178852e-05,0.0,0.16666666666666666,0.0,0.0,0.0,0.0,0.0,0.001402524544179523,0.0,1.65105
2020-01-29,0.0,0.0035493100575857447,0.0,0.0,0.025,0.0,0.0,0.0,0.0,0.002012072434607646,0.0,0.0,0.0,0.0,3.724533502178852e-05,0.01276595744680851,0.0,0.0,0.0,0.007054673721340388,0.0,0.0,0.0,0.0,1.716575
2020-01-30,0.05,0.012482947617495443,0.0,0.0034453057708871662,0.0,0.0,0.0018587360594795538,0.0,0.0,0.006036217303822937,0.0,0.0,0.0,0.0,0.0,0.00425531914893617,0.0,0.0,0.0,0.0,0.0,0.0,0.0021037868162692847,0.0,1.44405
2020-01-31,0.05,0.01021935701954535,0.026595744680851064,0.0034453057708871662,0.025,0.008225616921269096,0.0,5.526693931690063e-05,0.0007199424046076314,0.0,0.0,0.0,0.00014423770373575654,0.0,0.0,0.0,0.0,0.0,0.0001880936706479827,0.0,0.00022901637467078896,0.0,0.0021037868162692847,0.0,1.3944
2020-02-01,0.0,0.012742506006060387,0.0,0.004306632213608958,0.0125,0.0011750881316098707,0.0,2.7633469658450315e-05,0.0,0.006036217303822937,0.0,0.21052631578947367,0.00043271311120726956,0.0,3.724533502178852e-05,0.0,0.0,0.0,0.0,0.0,0.0,0.0,0.0021037868162692847,0.0,1.435675
2020-02-02,0.0,0.02866611133243997,0.0,0.0,0.025,0.0035252643948296123,0.0018587360594795538,0.0,0.0,0.0,0.0,0.0,0.0002884754074715131,0.0,0.0,0.0,0.16666666666666666,0.0,0.0,0.001763668430335097,0.0,0.0,0.001402524544179523,0.0,1.53855
2020-02-03,0.0,0.018676131493486896,0.0,0.0,0.0,0.0,0.0,8.290040897535095e-05,0.0,0.0,0.0,0.10526315789473684,0.0002884754074715131,0.0,0.0,0.0,0.0,0.0,0.0,0.0,0.0,0.0,0.0,0.0,1.36005
2020-02-04,0.05,0.024211365035674188,0.031914893617021274,0.0017226528854435831,0.025,0.0011750881316098707,0.0,0.0,0.0,0.002012072434607646,0.0,0.0,0.0,0.0,0.0,0.00851063829787234,0.3333333333333333,0.0,0.0,0.0,0.0,0.0,0.004207573632538569,0.0,1.235475
2020-02-05,0.0,0.022593652288339188,0.0,0.0,0.05,0.0035252643948296123,0.0,0.0,0.0003599712023038157,0.0,0.0,0.0,0.0,0.0,0.0,0.00851063829787234,0.0,0.0,0.0,0.0,0.0,0.0,0.002805049088359046,0.0,1.229975
2020-02-06,0.25,0.019068487197131577,0.0,0.0,0.0375,0.004700352526439483,0.0,0.0,0.0,0.002012072434607646,0.0,0.10526315789473684,0.0,0.0,0.0,0.0,0.0,0.0,0.0,0.0,0.0,0.0,0.0,0.0,1.157675
2020-02-07,0.0,0.021712361015537286,0.0,0.002583979328165375,0.0125,0.0011750881316098707,0.0018587360594795538,0.0,0.0007199424046076314,0.002012072434607646,0.0,0.0,0.00014423770373575654,0.0,0.0,0.0,0.0,0.0,0.0,0.0,0.00011450818733539448,0.0,0.001402524544179523,0.0,1.095325
2020-02-08,0.05,0.01647290331148214,0.03723404255319149,0.0,0.0125,0.0,0.0,0.0,0.0,0.0,0.0,0.15789473684210525,0.0,0.0,0.0001862266751089426,0.01702127659574468,0.0,0.0,0.0,0.003527336860670194,0.0,0.0,0.0021037868162692847,0.0,1.1138
2020-02-09,0.05,0.018289812031436745,0.0,0.0008613264427217916,0.0375,0.0011750881316098707,0.0,0.0,0.0,0.0,0.0,0.0,0.00014423770373575654,0.0,0.0,0.0,0.0,0.0,0.0,0.0,0.0,0.0,0.004908835904628331,0.0,1.203575
2020-02-10,0.0,0.01576666304492171,0.0,0.0,0.1125,0.0023501762632197414,0.0,0.0,0.0,0.0,0.0,0.05263157894736842,0.0,0.0,0.0,0.00851063829787234,0.0,0.0,0.0,0.001763668430335097,0.0005725409366769724,0.0,0.0035063113604488078,0.0,1.0306
2020-02-11,0.0,0.012313932852848502,0.005319148936170213,0.0,0.1375,0.0011750881316098707,0.0,2.7633469658450315e-05,0.0,0.0,0.0,0.05263157894736842,0.0002884754074715131,0.0,0.0,0.0,0.0,0.0,0.0,0.0,0.0,0.0,0.001402524544179523,0.0,0.895775
2020-02-12,0.0,0.00252918522810957,0.0,0.0017226528854435831,0.0125,0.0,0.0,0.0,0.0,0.0,0.0,0.0,0.0,0.0,0.0,0.0,0.0,0.0,0.0,0.0,0.00011450818733539448,0.0,0.0021037868162692847,0.0,0.78975
2020-02-13,0.0,0.09143095143240013,0.0,0.0,0.0375,0.0,0.0,2.7633469658450315e-05,0.0,0.0,0.0,0.05263157894736842,0.0,0.0,0.0,0.00425531914893617,0.0,0.0,0.0,0.0,0.0,0.0,0.005610098176718092,0.0,0.744275
2020-02-14,0.0,0.03933818647157534,0.0,0.0008613264427217916,0.0375,0.0,0.0,0.0,0.0,0.0,0.0,0.0,0.0,0.0,0.0,0.0,0.0,0.0,0.0,0.0,0.0,0.0,0.006311360448807854,0.0,0.701875
2020-02-15,0.0,0.012947738220274528,0.0,0.012058570198105082,0.0,0.0,0.0,0.0,0.0,0.0,0.0,0.0,0.0,0.0,3.724533502178852e-05,0.01276595744680851,0.0,0.0,0.0,0.0,0.0,0.0,0.0035063113604488078,0.0,0.709525
2020-02-16,0.1,0.013243514058406673,0.005319148936170213,0.013781223083548665,0.0125,0.0011750881316098707,0.0,0.0,0.0,0.0,0.0,0.0,0.0,0.0,0.0,0.0,0.0,0.0,0.0,0.001763668430335097,0.0,0.0,0.0021037868162692847,0.0,0.723575
2020-02-17,0.1,0.0122777154032813,0.005319148936170213,0.006029285099052541,0.0375,0.0011750881316098707,0.0,0.0,0.0003599712023038157,0.0,0.0,0.0,0.0,0.0,0.0,0.0,0.0,0.0,0.0,0.0,0.0,0.0,0.001402524544179523,0.0,0.620525
2020-02-18,0.0,0.011336061714534062,0.0,0.0068906115417743325,0.025,0.0011750881316098707,0.0,0.0,0.0,0.0,0.0,0.0,0.0,0.0,0.0,0.0,0.0,0.0,0.0,0.0,0.0,0.0,0.002805049088359046,0.0,0.602575
2020-02-19,0.05,0.0030362295220503904,0.0,0.008613264427217916,0.0125,0.0,0.0,0.0,0.0,0.0,0.0,0.0,0.0,0.0,0.0,0.0,0.0,0.0,0.0,0.0,0.0,0.0,0.0021037868162692847,0.0,0.521825
2020-02-20,0.05,0.0033682228097497375,0.0,0.008613264427217916,0.0625,0.08578143360752057,0.0,0.0,0.0,0.0,0.0,0.0,0.0,0.0,0.0,0.0,0.0,0.0,0.0,0.0,0.0,0.0,0.0,0.0,0.5002
2020-02-21,0.1,0.0037545422717998865,0.0,0.009474590869939707,0.0,0.11750881316098707,0.0,5.526693931690063e-05,0.0003599712023038157,0.0,0.0,0.0,0.0,0.0,0.0,0.0,0.0,0.0,0.0,0.0,0.0,0.0,0.0007012622720897616,0.0,0.481775
2020-02-22,0.0,0.010581531515217365,0.0,0.014642549526270457,0.0125,0.2690951821386604,0.0,0.0,0.0,0.0,0.0,0.0,0.0,0.0,0.0,0.0,0.0,0.0,0.0,0.007054673721340388,0.0,0.0,0.0,0.0,0.490025
2020-02-23,0.1,0.002329989255489962,0.0,0.02153316106804479,0.0625,0.19858989424206816,0.0,0.0,0.0,0.0,0.0,0.0,0.0,0.0,0.0,0.0,0.0,0.0,0.0,0.0,0.0,0.0,0.002805049088359046,0.0,0.4923
2020-02-24,0.1,0.0036398536815037486,0.0,0.0103359173126615,0.0625,0.27144535840188017,0.0,0.0009948049077042114,0.0003599712023038157,0.0,0.0,0.0,0.0,0.0,0.0,0.0,0.0,0.0,0.0,0.0,0.0004580327493415779,0.0,0.0,0.0,0.3699
2020-02-25,0.05,0.005100624147380875,0.010638297872340425,0.009474590869939707,0.0625,0.1692126909518214,0.0,0.0,0.0003599712023038157,0.0,0.001514004542013626,0.0,0.00014423770373575654,0.0,7.449067004357705e-05,0.0,0.0,0.0,0.0,0.0,0.0,0.0,0.001402524544179523,0.0,0.354925
2020-02-26,0.05,0.005927589245831975,0.015957446808510637,0.01636520241171404,0.0875,0.3337250293772033,0.0,0.0001658008179507019,0.0,0.0,0.0,0.0,0.0014423770373575653,0.0,0.0001489813400871541,0.0,0.0,0.0,0.0,0.0,0.0,0.0,0.001402524544179523,0.0,0.322025
2020-02-27,0.0,0.008197216085376602,0.0,0.02153316106804479,0.0125,0.5934195064629847,0.0,2.7633469658450315e-05,0.0007199424046076314,0.0,0.000757002271006813,0.0,0.002740516370979374,0.0007429420505200594,0.0007449067004357704,0.00425531914893617,0.0,0.0,0.0,0.0,0.00022901637467078896,0.0,0.0,0.0,0.30125
2020-02-28,0.1,0.00824550601813287,0.005319148936170213,0.012058570198105082,0.025,0.6709753231492362,0.0,5.526693931690063e-05,0.0003599712023038157,0.0,0.0,0.0,0.0002884754074715131,0.0,0.0007076613654139819,0.0,0.0,0.0,0.0,0.010582010582010581,0.0005725409366769724,0.0,0.0,0.0,0.312
2020-02-29,0.25,0.011462822788019267,0.005319148936170213,0.01119724375538329,0.0125,0.9553466509988249,0.0,0.00022106775726760252,0.0021598272138228943,0.02012072434607646,0.004542013626040878,0.0,0.004471368815808452,0.003714710252600297,0.0016015494059369063,0.00851063829787234,0.0,0.0,0.0,0.003527336860670194,0.00034352456200618345,0.0,0.006311360448807854,0.0,0.345025
2020-03-01,0.05,0.01423345767991018,0.0,0.012919896640826873,0.0125,0.6886016451233843,0.0,0.0001658008179507019,0.0014398848092152627,0.004024144869215292,0.003785011355034065,0.0,0.0073561228905235825,0.0029717682020802376,0.0011173600506536557,0.01702127659574468,0.0,0.0,0.0,0.0,0.0014886064353601283,0.0,0.002805049088359046,0.0,0.4221
2020-03-02,0.05,0.011692199968611544,0.005319148936170213,0.015503875968992248,0.05,0.7038777908343126,0.0,0.0006632032718028076,0.0010799136069114472,0.006036217303822937,0.003028009084027252,0.0,0.004182893408336939,0.005943536404160475,0.0022719654363291,0.0,0.0,0.0,9.404683532399135e-05,0.0,0.0004580327493415779,0.0,0.001402524544179523,0.004132231404958678,0.31405
2020-03-03,0.05,0.01529583620054809,0.0,0.01636520241171404,0.0,1.0,0.0,0.0005526693931690063,0.0010799136069114472,0.018108651911468814,0.002271006813020439,0.0,0.005336795038222992,0.004457652303120356,0.0004841893552832508,0.029787234042553193,0.0,0.0,0.0,0.010582010582010581,0.0012595900606893393,0.0,0.001402524544179523,0.0,0.329275
2020-03-04,0.0,0.013762630835536561,0.0,0.03273040482342808,0.0625,0.5111633372502937,0.0,0.0008566375594119597,0.0010799136069114472,0.026156941649899398,0.006056018168054504,0.0,0.009519688446559932,0.010401188707280832,0.0031286081418302357,0.059574468085106386,0.0,0.0,0.0,0.0,0.004007786556738807,0.0,0.0,0.0,0.271225
2020-03-05,0.1,0.016696244250479882,0.02127659574468085,0.024978466838931956,0.0,0.5487661574618097,0.0,0.0018790759367746214,0.0014398848092152627,0.006036217303822937,0.009084027252081756,0.0,0.03173229482186644,0.03268945022288262,0.0034265708220045437,0.0,0.0,0.0,9.404683532399135e-05,0.003527336860670194,0.0034352456200618343,0.0,0.004908835904628331,0.0,0.25525
2020-03-06,0.05,0.023631885842598965,0.005319148936170213,0.05167958656330749,0.025,0.5934195064629847,0.0037174721189591076,0.001243506134630264,0.004319654427645789,0.01006036217303823,0.010598031794095382,0.0,0.027116688302322226,0.03417533432392273,0.010279712466013632,0.14042553191489363,0.0,0.0,0.0008464215179159222,0.0,0.005496392992098935,0.0,0.0091164095371669,0.004132231404958678,0.22925
2020-03-07,0.0,0.024422633491482864,0.010638297872340425,0.03531438415159346,0.0125,0.5264394829612221,0.0018587360594795538,0.003868685752183044,0.0017998560115190785,0.006036217303822937,0.018168054504163512,0.10526315789473684,0.018606663781912593,0.04457652303120357,0.011285336511601922,0.0425531914893617,0.0,0.0,0.0,0.02821869488536155,0.004923852055421962,0.0,0.005610098176718092,0.0,0.26955
2020-03-08,0.0,0.023988024096676445,0.0,0.03531438415159346,0.075,0.3207990599294947,0.007434944237918215,0.0032054824803802364,0.003599712023038157,0.026156941649899398,0.018925056775170326,0.631578947368421,0.034761286600317326,0.057206537890044575,0.006592424298856568,0.02553191489361702,0.0,0.03225806451612903,0.0003761873412959654,0.0,0.00767204855147143,0.0,0.008415147265077139,0.004132231404958678,0.2897
2020-03-09,0.0,0.022750594569797063,0.0,0.007751937984496124,0.0125,0.1927144535840188,0.01858736059479554,0.0017961755277992705,0.004679625629949604,0.030181086519114688,0.02043906131718395,0.0,0.01961632770806289,0.041604754829123326,0.003091362806808447,0.07659574468085106,0.0,0.0,0.0,0.0,0.005496392992098935,0.0,0.0,0.026859504132231406,0.22145
2020-03-10,0.1,0.030362295220503904,0.015957446808510637,0.06029285099052541,0.0625,0.041128084606345476,0.024163568773234202,0.010390184591577319,0.0007199424046076314,0.03219315895372234,0.03860711582134747,0.05263157894736842,0.040530794749747585,0.045319465081723624,0.0214160676375284,0.05106382978723404,0.0,0.0,0.00028214050597197407,0.05114638447971781,0.007099507614794458,0.0,0.0070126227208976155,0.01652892561983471,0.2159
2020-03-11,0.05,0.04379293276834112,0.031914893617021274,0.04995693367786391,0.075,0.28437132784958874,0.02973977695167286,0.008897977230021002,0.010439164866810655,0.04225352112676056,0.04844814534443603,0.3684210526315789,0.0650512043848262,0.08989598811292719,0.018585422175872474,0.0851063829787234,0.0,0.03225806451612903,0.0,0.0,0.008588114050154586,0.00019462826002335538,0.012622720897615708,0.014462809917355372,0.193625
2020-03-12,0.05,0.014951770429659677,0.05851063829787234,0.0,0.0375,0.13396004700352526,0.0055762081784386614,0.01055598540952802,0.0032397408207343412,0.0,0.04239212717638153,0.05263157894736842,0.02452040963507861,0.0,0.0,0.0,0.0,0.0,0.0007523746825919308,0.019400352733686066,0.0,0.0,0.0,0.0,0.21365
2020-03-13,0.05,0.10183743194137602,0.026595744680851064,0.053402239448751075,0.0625,0.12925969447708577,0.022304832713754646,0.014258870343760362,0.027357811375089993,0.1448692152917505,0.15291445874337622,0.42105263157894735,0.23034761286600317,0.22511144130757801,0.05169652501024247,0.20425531914893616,0.0,0.06451612903225806,0.001598796200507853,0.0,0.03927630825604031,0.0007785130400934215,0.015427769985974754,0.07231404958677685,0.196725
2020-03-14,0.15,0.06576485217244335,0.03723404255319149,0.06201550387596899,0.075,0.12573443008225618,0.08736059479553904,0.015143141372830772,0.0017998560115190785,0.1006036217303823,0.11430734292202877,0.3157894736842105,0.13125631039953845,0.11589895988112928,0.030354948042757644,0.17446808510638298,0.0,0.06451612903225806,0.0013166556945358788,0.0,0.03916180006870491,0.0,0.008415147265077139,0.05578512396694215,0.250975
2020-03-15,0.3,0.06852341458114519,0.1702127659574468,0.056847545219638244,0.0625,0.08930669800235018,0.05390334572490706,0.021333038576323644,0.019438444924406047,0.09456740442655935,0.15518546555639667,0.15789473684210525,0.1745276215202654,0.13075780089153047,0.0013408320607843868,0.8085106382978723,0.0,0.0,0.0003761873412959654,0.02292768959435626,0.00011450818733539448,0.00019462826002335538,0.009817671809256662,0.04338842975206612,0.258725
2020-03-16,0.4,0.08543696352902828,0.17553191489361702,0.0,0.125,0.08695652173913043,0.0037174721189591076,0.03130872112302421,0.05867530597552196,0.16096579476861167,0.11960635881907646,0.2631578947368421,0.21303908841771238,0.2065378900445765,0.0801147156318671,0.5872340425531914,0.16666666666666666,0.0,0.0025392645537477662,0.0,0.046490324058170156,0.0023355391202802647,0.011921458625525946,0.03512396694214876,0.231675
2020-03-17,0.5,0.09362210713121583,0.1595744680851064,0.03359173126614987,0.0875,0.09870740305522914,0.08364312267657993,0.049436277218967616,0.02267818574514039,0.15090543259557343,0.2376987130961393,0.2631578947368421,0.2863118419154767,0.21916790490341753,0.03843718574248575,0.4553191489361702,0.16666666666666666,0.8387096774193549,0.0022571240477757925,0.0,0.046833848620176345,0.0056442195406773065,0.016129032258064516,0.07851239669421488,0.234525
2020-03-18,1.15,0.10708896212862024,0.18617021276595744,0.009474590869939707,0.2375,0.10928319623971798,0.027881040892193308,0.03763678567480933,0.064434845212383,0.23340040241448692,0.2376987130961393,0.47368421052631576,0.4428097504687725,0.2578008915304606,0.05247867704570003,0.4978723404255319,0.5,0.06451612903225806,0.0031035455656917145,0.026455026455026454,0.07809458376273903,0.009926041261191124,0.03295932678821879,0.11363636363636363,0.22595
2020-03-19,0.4,0.16754192169787405,0.3191489361702128,0.030146425495262703,0.3375,0.17861339600470036,0.027881040892193308,0.1648060130429977,0.05147588192944565,0.22736418511066397,0.2778198334595004,0.5263157894736842,0.43170344728111926,0.3038632986627043,0.06875488845022161,0.46808510638297873,0.3333333333333333,0.06451612903225806,0.00489043543684755,0.047619047619047616,0.008473605862819191,0.018295056442195406,0.02244039270687237,0.17355371900826447,0.218775
2020-03-20,1.35,0.17886591092921902,0.26595744680851063,0.03359173126614987,0.6,0.10223266745005875,0.024163568773234202,0.15270255333259644,0.05147588192944565,0.22132796780684105,0.2838758516275549,0.3157894736842105,0.6531083225155055,0.39821693907875183,0.06659465901895788,0.5531914893617021,0.0,0.45161290322580644,0.0050785291074955325,0.0,0.14863162716134204,0.03250291942390035,0.028050490883590462,0.11983471074380166,0.183625
2020-03-21,0.9,0.1950732196105417,0.4734042553191489,0.03789836347975883,0.2125,0.172737955346651,0.14312267657992564,0.17483696252901515,0.12023038156947444,0.5633802816901409,0.32248296744890237,0.15789473684210525,0.3411221693350642,0.47325408618127784,0.06350329621214942,0.6510638297872341,0.16666666666666666,0.06451612903225806,0.0049844822721715415,0.02292768959435626,0.12057712126417039,0.06052938886726353,0.03295932678821879,0.16735537190082644,0.15155
2020-03-22,0.8,0.19580360484348025,1.0,0.08096468561584841,0.55,0.19036427732079905,0.13568773234200743,0.21211451309826462,0.06911447084233262,0.9617706237424547,0.5813777441332324,1.0,0.3836722919371124,0.42867756315007427,0.06629669633878357,0.5234042553191489,1.0,1.0,0.0057368569547634725,0.0,0.07763655101339746,0.11015959517321915,0.016129032258064516,0.1322314049586777,0.1399
2020-03-23,1.3,0.24907947315683363,0.648936170212766,0.023255813953488372,0.4875,0.0,0.1524163568773234,0.2920028738808445,0.2228221742260619,0.2676056338028169,0.6752460257380772,0.5263157894736842,0.6033463147266696,0.4063893016344725,0.14451189988453947,0.902127659574468,0.0,0.0967741935483871,0.006677325308003385,0.07936507936507936,0.11233253177602198,0.05702608018684313,0.037868162692847124,0.13429752066115702,0.08535
2020-03-24,1.0,0.24038728526070527,0.5638297872340425,0.05598621877691645,0.375,0.08930669800235018,0.16728624535315986,0.273377915331049,0.2526997840172786,0.7283702213279678,0.6124148372445117,0.5789473684210527,0.5668541756815232,0.6062407132243685,0.09307609221944951,0.451063829787234,0.16666666666666666,0.12903225806451613,0.005360669613467507,0.08818342151675485,0.16466277338829727,0.0667574931880109,0.034361851332398316,0.22107438016528927,0.095425
2020-03-25,1.0,0.2996692139606196,0.5691489361702128,0.09819121447028424,0.3,0.11750881316098707,0.15613382899628253,0.3327622416270587,0.16594672426205903,0.6438631790744467,0.23088569265707798,0.3684210526315789,0.6255589211019761,0.637444279346211,0.11091660769488622,0.7319148936170212,0.8333333333333334,0.16129032258064516,0.01532963415781059,0.14991181657848324,0.16901408450704225,0.10918645387310237,0.05119214586255259,0.21487603305785125,0.107925
2020-03-26,0.85,0.37407192785484045,0.5904255319148937,0.06890611541774333,0.5375,0.12220916568742655,0.13197026022304834,0.4990051950922958,0.2847372210223182,0.89738430583501,1.0,0.631578947368421,0.9541324102120294,0.7652303120356612,0.14715631867108644,1.0,0.16666666666666666,0.0,0.017116524028966424,0.0,0.2487117828924768,0.23277539898793304,0.0364656381486676,0.2128099173553719,0.087675
2020-03-27,0.75,0.38473193051078675,0.48404255319148937,0.06976744186046512,0.825,0.10693301997649823,0.17843866171003717,0.49245606278324305,0.23038156947444205,0.670020120724346,0.5662376987130961,0.5263157894736842,1.0,0.8759286775631501,0.1434317851689076,0.5531914893617021,0.3333333333333333,0.0967741935483871,0.018433179723502304,0.12698412698412698,0.335852513454712,0.4026858699883223,0.034361851332398316,0.31611570247933884,0.083875
2020-03-28,0.8,0.40680646602199605,0.5797872340425532,0.1937984496124031,0.525,0.17156286721504113,0.5055762081784386,0.5473637669945839,0.32181425485961124,1.0,0.4647993943981832,0.5789473684210527,0.9842780902928026,0.8707280832095097,0.1751648106074714,0.676595744680851,0.6666666666666666,0.0,0.021442678453870028,0.1111111111111111,0.29394251688995765,0.33164655507979757,0.04908835904628331,0.22520661157024793,0.064275
2020-03-29,0.75,0.35877609165429236,0.7606382978723404,0.14900947459086994,1.0,0.12338425381903642,0.637546468401487,0.5373051840389079,0.25341972642188626,0.6921529175050302,0.39137017411052233,0.7368421052631579,0.6346458964373287,0.825408618127786,0.09694960706171551,0.6382978723404256,0.0,0.12903225806451613,0.025392645537477665,0.17989417989417988,0.28260620634375355,0.35325029194239005,0.029453015427769985,0.26859504132231404,0.06125
2020-03-30,0.4,0.375514589595934,0.723404255319149,0.0,0.5125,0.09165687426556991,0.2379182156133829,0.5781474521940975,0.40244780417566595,0.7585513078470825,0.6283118849356548,0.7894736842105263,0.6908986008942738,0.6589895988112927,0.16618868486722038,0.6638297872340425,0.16666666666666666,0.12903225806451613,0.028402144267845385,0.07231040564373897,0.3060803847475094,0.3133514986376022,0.024544179523141654,0.2665289256198347,0.050675
2020-03-31,0.8,0.4533700336822281,0.675531914893617,0.07493540051679587,0.4,0.14688601645123384,1.0,0.7278932242732398,0.4064074874010079,0.3983903420523139,0.4254352763058289,0.47368421052631576,0.7100822154911294,0.6315007429420505,0.2851875302618347,0.5957446808510638,0.5,0.06451612903225806,0.04711746449731966,0.09347442680776014,0.34673079125157447,0.526274815103153,0.03295932678821879,0.23553719008264462,0.06855
2020-04-01,0.35,0.4529716417369889,0.6382978723404256,0.1937984496124031,0.6375,0.11868390129259694,0.42193308550185876,0.6927710843373494,0.3718502519798416,0.6096579476861167,0.40196820590461774,0.3157894736842105,0.8746574354536276,0.7644873699851411,0.1833215389772431,0.6042553191489362,0.0,0.0,0.041380607542556194,0.26455026455026454,0.5020038932783694,0.4180615025301674,0.051893408134642355,0.30785123966942146,0.048225
2020-04-02,0.5,0.48789129936136566,0.5531914893617021,0.2730404823428079,0.4625,0.1045828437132785,0.5985130111524164,0.8395048082237205,0.6205903527717782,0.5110663983903421,0.31642694928084786,0.7894736842105263,0.9984133852589067,0.8112927191679049,0.08119483034749897,0.8851063829787233,0.0,0.03225806451612903,0.07251011003479733,0.37037037037037035,0.4933012710408794,0.47800700661736084,0.034361851332398316,0.2334710743801653,0.04715
2020-04-03,0.45,0.4974828872550795,0.5478723404255319,0.10508182601205857,0.5375,0.10105757931844889,0.7156133828996283,0.8772244943075053,0.4150467962562995,0.4305835010060362,0.29901589704769116,0.21052631578947367,0.9180729842780903,0.7674591381872214,0.19639465156989086,0.9234042553191489,0.3333333333333333,0.12903225806451613,0.0565221480297188,0.42328042328042326,0.5171189740066415,0.5422343324250681,0.0455820476858345,0.4049586776859504,0.03495
2020-04-04,0.35,0.48390134366737897,0.4734042553191489,0.4496124031007752,0.2125,0.11045828437132785,0.1412639405204461,0.9197247706422018,0.19474442044636428,0.4426559356136821,0.19454958364875094,0.15789473684210525,0.711524592528487,0.6731054977711739,0.16008044992364706,0.6382978723404256,0.0,0.0,0.05473525815856296,0.42504409171075835,0.4337570136264743,0.5864149474503698,0.052594670406732116,0.2190082644628099,0.023525
2020-04-05,0.4,0.4447744256516123,0.5425531914893617,0.0,0.35,0.09518213866039953,0.2825278810408922,0.7779374378246933,1.0,0.27565392354124746,0.2043906131718395,0.05263157894736842,0.5814221837588346,0.9108469539375929,0.07121308056165965,0.7617021276595745,0.16666666666666666,0.0,0.06188281764318631,0.5185185185185185,0.6823542883316157,0.6101595951732192,0.08415147265077139,0.3739669421487603,0.0
2020-04-06,0.5,0.4327562686368959,0.2712765957446808,0.4435831180017227,0.3,0.055229142185663924,0.7695167286245354,0.8156018569691611,0.29049676025917925,0.22132796780684105,0.186222558667676,0.21052631578947367,0.4689167748449445,0.7228826151560178,0.14641141197065066,0.5574468085106383,0.0,0.0,0.08972068089908775,0.48853615520282184,0.440054963929921,0.6126897625535228,0.04628330995792426,0.45041322314049587,0.0
2020-04-07,0.15,0.4527301920732075,0.20212765957446807,0.21705426356589147,0.2625,0.055229142185663924,0.19330855018587362,0.8512213993589035,0.4712023038156947,0.19718309859154928,0.25889477668433003,0.21052631578947367,0.6186355113226597,0.5817236255572066,0.14227717978323215,0.723404255319149,0.0,0.03225806451612903,0.10853004796388602,0.4991181657848324,0.42024504752089775,0.7574931880108992,0.07433380084151472,0.5103305785123967,0.0
2020-04-08,0.15,0.5058008281723467,0.5904255319148937,0.3023255813953488,0.3125,0.06227967097532315,0.1970260223048327,0.8713661987399138,0.45680345572354214,0.23138832997987926,0.22937168811506434,0.10526315789473684,0.8124909851435165,0.7228826151560178,0.1450333345748445,0.6638297872340425,0.16666666666666666,0.06451612903225806,0.11050503150568983,0.5291005291005291,0.6326577350280546,0.8012845465161541,0.09957924263674614,0.45041322314049587,0.0
2020-04-09,0.05,0.5150302415703886,0.2872340425531915,0.35314384151593453,0.1625,0.045828437132784956,0.3828996282527881,0.9430197855642755,0.5446364290856731,0.19718309859154928,0.22861468584405753,0.21052631578947367,0.7046011827491706,0.9071322436849926,0.16049014860888675,0.46382978723404256,0.0,0.06451612903225806,0.13721433273770337,0.5837742504409171,0.5036070079010649,0.7894122226547294,0.20126227208976158,0.6962809917355371,0.0
2020-04-10,0.1,0.5577185421269301,0.26595744680851063,0.7433247200689062,0.2,0.03172737955346651,0.2211895910780669,0.9327677683209904,0.505759539236861,0.2152917505030181,0.23542770628311885,0.10526315789473684,0.5755084379056685,1.0,0.1628366047152594,0.502127659574468,0.0,0.0,0.16796764788864854,0.6525573192239859,1.0,0.923900350330868,0.1388499298737728,0.4524793388429752,0.0
2020-04-11,0.15,0.47132181618437097,0.2393617021276596,0.409130060292851,0.1375,0.03525264394829612,0.43308550185873607,0.8251630374709849,0.4524838012958963,0.17706237424547283,0.19000757002271007,0.05263157894736842,0.3947785951247656,0.9821693907875185,0.11639167194308912,0.7829787234042553,0.0,0.03225806451612903,0.15677607448509356,0.6631393298059964,0.6033436390701935,1.0,0.13394109396914447,0.6818181818181818,0.0
2020-04-12,0.15,0.5982700131590066,0.17553191489361702,0.6399655469422911,0.05,0.03760282021151586,0.40892193308550184,0.7990770421134078,0.3538516918646508,0.02414486921529175,0.10522331566994701,0.21052631578947367,0.4249242752055387,0.8729569093610698,1.0,0.6510638297872341,0.0,0.06451612903225806,0.20558638201824508,0.6825396825396826,0.6105576548723234,0.932074737251849,0.16339410939691446,0.8243801652892562,0.0
2020-04-13,0.25,0.4226274552412686,0.14893617021276595,0.5357450473729544,0.0625,0.02937720329024677,0.5278810408921933,0.6992925831767437,0.4971202303815695,0.07243460764587525,0.07267221801665405,0.15789473684210525,0.31991922688590796,0.7161961367013373,0.13713732355022534,0.5702127659574469,0.0,0.0,0.24057180475876988,0.7019400352733686,0.4997137295316615,0.7966134682755937,0.270687237026648,0.6528925619834711,0.0
2020-04-14,0.0,0.4249876257047312,0.18085106382978725,0.2368647717484927,0.0375,0.03172737955346651,0.5408921933085502,0.7475129877307395,0.48776097912167027,0.12877263581488935,0.1400454201362604,0.05263157894736842,0.18563392470791865,0.6463595839524517,0.18514656039331073,0.723404255319149,0.0,0.0,0.260885921188752,0.7266313932980599,0.6040306881942059,0.7905799922148696,0.23422159887798036,0.5826446280991735,0.0
2020-04-15,0.1,0.4820421812562626,0.1595744680851064,0.39190353143841516,0.0625,0.03172737955346651,0.4275092936802974,0.7925279098043551,0.42260619150467965,0.05030181086519115,0.08327024981074943,0.05263157894736842,0.4895427664791577,0.5468053491827637,0.11992997877015904,0.3617021276595745,0.0,0.0,0.3186306780776827,0.7619047619047619,0.5310889728615596,0.8332035811599844,0.3134642356241234,0.6136363636363636,0.0
2020-04-16,0.0,0.581700529982012,0.15425531914893617,0.45305770887166236,0.0,0.025851938895417155,0.3847583643122677,0.8633248590693048,0.9359251259899208,0.04426559356136821,0.10598031794095382,0.05263157894736842,0.424780037501803,0.7927191679049034,0.46519423442213864,0.46808510638297873,0.0,0.0,0.32427348819712215,0.8112874779541446,0.533837169357609,0.9344102763721293,0.5105189340813464,0.7851239669421488,0.0
2020-04-17,0.0,0.5302355341470187,0.14893617021276595,1.0,0.05,0.025851938895417155,0.4052044609665427,0.8874212446114734,0.7217422606191505,0.12072434607645875,0.09008327024981075,0.0,0.5335352661185634,0.9182763744427934,0.07482587805877314,0.2936170212765957,0.0,0.0,0.3827706197686448,0.8412698412698413,0.6439940455742585,0.847216815881666,0.43688639551192143,0.8409090909090909,0.0
2020-04-18,0.15,0.46846667391015656,0.17553191489361702,0.4384151593453919,0.0375,0.021151586368977675,0.38847583643122674,0.8978390626727092,0.5550755939524838,0.0925553319919517,0.05753217259651779,0.0,0.2805423337660464,0.8521545319465081,7.449067004357705e-05,0.2297872340425532,0.0,0.0,0.4500141070252986,0.0,0.6349478987747624,0.7362787076683535,0.6605890603085554,0.6714876033057852,0.0
2020-04-19,1.1,0.5042917677737134,0.1702127659574468,0.4315245478036176,0.0125,0.009400705052878966,0.31970260223048325,0.7353818945506798,0.45968322534197265,0.08450704225352113,0.059046177138531414,0.0,0.2656858502812635,0.7964338781575037,0.18343327498230846,0.3574468085106383,0.0,0.0,0.5699238220633875,0.8447971781305115,0.6707889614107408,0.7740365901128844,0.4179523141654979,0.6756198347107438,0.0
2020-04-20,0.1,0.42821097871621217,0.14361702127659576,0.0,0.0,0.01527614571092832,0.37174721189591076,0.7051232452746767,0.7289416846652268,0.026156941649899398,0.0348221044663134,0.0,0.271311120726958,0.5572065378900446,0.08871838802190025,0.15319148936170213,0.0,0.0,0.40139189316279505,0.8536155202821869,0.5363563494789877,0.9096924873491631,1.0,0.3822314049586777,0.0
2020-04-21,0.15,0.46671616384774184,0.10106382978723404,0.29112833763996554,0.05,0.010575793184488837,0.26022304832713755,0.7609981209240633,0.6277897768178545,0.04426559356136821,0.059046177138531414,0.0,0.1768354247800375,0.5416047548291233,0.10335580468546314,0.2425531914893617,0.0,0.0,0.5306122448979592,0.8641975308641975,0.49421733653956257,0.8974309069676917,0.7791023842917251,0.7747933884297521,0.0
2020-04-22,0.05,0.45611048736614634,0.0797872340425532,0.32472006890611543,0.05,0.012925969447708578,0.20631970260223048,0.7871670166906157,0.8138948884089273,0.014084507042253521,0.03936411809235428,0.0,0.33996826770517813,0.5312035661218425,-0.08149279302767329,0.2127659574468085,0.0,0.0,0.4924292297564187,0.8518518518518519,0.5113935646398717,0.6000389256520047,0.7124824684431977,0.5847107438016529,0.0
2020-04-23,0.05,0.5058068644139413,0.06914893617021277,0.7372954349698536,0.025,0.01645123384253819,0.5037174721189591,0.7963689620868797,0.5889128869690424,0.02012072434607646,0.0582891748675246,0.0,0.35785374296841194,0.6604754829123328,0.08652091325561473,0.3021276595744681,0.0,0.0,0.4489795918367347,0.9135802469135802,0.5276537272414977,0.6064616582327754,0.7272089761570828,0.737603305785124,0.0
2020-04-24,0.05,0.5271329059674285,0.3617021276595745,0.3970714900947459,0.0,0.011750881316098707,0.39219330855018586,1.0,0.5831533477321814,0.030181086519114688,0.052233156699470096,0.10526315789473684,0.2697245059858647,0.600297176820208,0.06141755745092927,0.37446808510638296,0.0,0.0,0.5500799398100253,0.9259259259259259,0.6176571624871179,0.6076294277929155,0.6290322580645161,0.9008264462809917,0.0
2020-04-25,0.05,0.5155493583475185,0.0,0.3462532299741602,0.025,0.011750881316098707,0.1895910780669145,0.9062672709185365,0.5226781857451404,0.03420523138832998,0.0582891748675246,0.0,0.2183758834559354,0.4866270430906389,0.06301910685686618,0.2170212765957447,0.0,0.0,0.5610834195429324,0.9382716049382716,0.5644108553761594,0.5568314519268198,0.43338008415147267,0.8181818181818182,0.0
2020-04-26,0.0,0.44603600014486977,0.0797872340425532,0.18087855297157623,0.0,0.011750881316098707,0.5297397769516728,0.7635404001326407,0.5982721382289417,0.04024144869215292,0.0582891748675246,0.0,0.18130679359584595,0.487369985141159,0.02145331297255019,0.16170212765957448,0.0,0.0,0.5982319194959089,0.9453262786596119,0.5116225810145425,0.45873880887504864,0.652875175315568,0.5681818181818182,0.0
2020-04-27,0.0,0.41462339888691707,0.047872340425531915,0.6132644272179156,0.0,0.01645123384253819,0.3680297397769517,0.6193213219851884,0.5698344132469403,0.014084507042253521,0.03709311127933384,0.0,0.14250685129092744,0.2971768202080238,0.13940928898655444,0.1702127659574468,0.0,0.0,0.5829022853380984,0.8641975308641975,0.4936447956028856,0.4147528221097703,0.5603085553997195,0.44214876033057854,0.0
2020-04-28,0.0,0.44370601088937983,0.03723404255319149,-0.35917312661498707,0.0,0.010575793184488837,0.33643122676579923,0.6738421576213109,0.5521958243340532,0.04627766599597585,0.06283118849356548,0.0,0.16645031011106304,0.1277860326894502,0.11508808521732652,0.13191489361702127,0.0,0.0,0.6029342612621086,0.9541446208112875,0.4582617657162487,0.46555079797586607,0.3702664796633941,0.8574380165289256,0.0
2020-04-29,0.0,0.45306822160250143,0.047872340425531915,0.13695090439276486,0.0,0.004700352526439483,0.4721189591078067,0.7551398253564717,0.6173506119510439,0.01609657947686117,0.03406510219530658,0.0,0.23467474397807586,0.2867756315007429,-0.09348579090468918,0.4,0.0,0.0,0.5493275651274334,0.9682539682539683,0.4684529943890988,0.5714285714285714,0.4838709677419355,0.5371900826446281,0.0
2020-04-30,0.0,0.5108048724542151,0.03723404255319149,0.16623600344530576,0.0,0.010575793184488837,0.5130111524163569,0.8156018569691611,0.5730741540676746,0.028169014084507043,0.03785011355034065,0.0,0.2120294244915621,0.3818722139673105,0.028157473276472122,0.2425531914893617,0.0,0.0,0.6676384839650146,0.9735449735449735,0.6916294515057827,0.5089528999610744,0.3702664796633941,0.7169421487603306,0.0
2020-05-01,0.0,0.5351007448722128,0.031914893617021274,0.18690783807062877,0.025,0.007050528789659225,0.5278810408921933,0.9405604067646733,0.6789056875449964,0.02414486921529175,0.05980317940953823,0.0,0.15404586758978797,0.35438335809806837,0.00022347201013073114,0.2936170212765957,0.0,0.0,0.7460735446252234,0.982363315696649,0.7104087942287873,0.4258466329311016,0.6535764375876578,0.8946280991735537,0.0
2020-05-02,0.15,0.4951287530332114,0.031914893617021274,0.22911283376399655,0.0,0.01527614571092832,0.2899628252788104,0.8035260307284182,0.5698344132469403,0.04225352112676056,0.02043906131718395,0.0,0.1283715563248233,0.33060921248142644,0.045178591381429475,0.44680851063829785,0.0,0.0,0.9050126963227687,0.9894179894179894,0.5513569220199245,0.38594783962631374,0.3134642356241234,0.6033057851239669,0.0
2020-05-03,0.2,0.47773834099936013,0.015957446808510637,0.26356589147286824,0.0,0.009400705052878966,0.5483271375464684,0.7046811097601415,0.9280057595392368,0.04627766599597585,0.029523088569265707,0.05263157894736842,0.1005336795038223,0.24888558692421991,0.015158851353867927,0.5191489361702127,0.0,0.0,1.0,0.9947089947089947,0.49719454941028285,0.3250291942390035,0.46072931276297335,0.7210743801652892,0.0
2020-05-04,0.1,0.46072217594437,0.09574468085106383,0.1731266149870801,0.0125,0.0035252643948296123,0.48698884758364314,0.6171935448214878,0.5230381569474442,0.05030181086519115,0.018168054504163512,0.0,0.07038799942304919,0.14784546805349183,0.024507430444336845,0.23404255319148937,0.0,0.0,0.9951095645631525,1.0,0.45688766746822396,0.3141300116776956,0.4018232819074334,0.8161157024793388,0.0
2020-05-05,0.0,0.48070213562227615,0.005319148936170213,0.1507321274763135,0.0,0.0023501762632197414,0.36988847583643125,0.6625400685310048,0.4528437724982001,0.056338028169014086,0.02195306585919758,0.0,0.12332323669407183,0.2362555720653789,0.04111884986405453,0.1276595744680851,0.0,0.0,0.9500611304429606,0.8148148148148148,0.505095614336425,0.35655897236278705,0.4431977559607293,1.0,0.0
2020-05-06,0.0,1.0,0.005319148936170213,0.1507321274763135,0.0,0.0023501762632197414,0.36988847583643125,0.6625400685310048,0.4528437724982001,0.056338028169014086,0.02195306585919758,0.0,0.12332323669407183,0.2362555720653789,0.04111884986405453,0.1276595744680851,0.0,0.0,0.9500611304429606,0.8148148148148148,0.505095614336425,0.35655897236278705,0.4431977559607293,1.0,0.0
